Sample;Gene;Chr;Pos;Ref;Alt;Effect;MutType
P10006;ARID1A;NA;NA;C;T;Missense_Mutation;SNV
P10006;EGFR;NA;NA;_;CAC;Missense_Mutation;INDEL
P10006;NCOR1;NA;NA;A;G;Missense_Mutation;SNV
P10006;RB1;NA;NA;TA;_;Missense_Mutation;INDEL
P10006;TERT;NA;NA;C;T;Missense_Mutation;SNV
P10006;TP53;NA;NA;C;T;Missense_Mutation;SNV
P10007;ARID1A;NA;NA;C;T;Missense_Mutation;SNV
P10007;PIK3CA;NA;NA;G;A;Missense_Mutation;SNV
P10007;TP53;NA;NA;C;T;Missense_Mutation;SNV
P10008;CDKN2A;NA;NA;G;_;Missense_Mutation;SNV
P10008;MLL2;NA;NA;G;A;Missense_Mutation;SNV
P10008;TERT;NA;NA;C;T;Missense_Mutation;SNV
P10008;TP53;NA;NA;C;_;Missense_Mutation;SNV
P10010;MLL2;NA;NA;C;G;Missense_Mutation;SNV
P10010;PBRM1;NA;NA;C;T;Missense_Mutation;SNV
P10010;SMAD4;NA;NA;_;T;Missense_Mutation;SNV
P10010;SPTA1;NA;NA;G;A;Missense_Mutation;SNV
P10010;TP53;NA;NA;_;C;Missense_Mutation;SNV
P10012;ARID1A;NA;NA;C;T;Missense_Mutation;SNV
P10012;CREBBP;NA;NA;G;T;Missense_Mutation;SNV
P10012;ERBB3;NA;NA;G;T;Missense_Mutation;SNV
P10012;MSH2;NA;NA;38;_;Missense_Mutation;INDEL
P10012;PIK3CA;NA;NA;G;C;Missense_Mutation;SNV
P10012;TERT;NA;NA;C;T;Missense_Mutation;SNV
P10012;TP53;NA;NA;A;G;Missense_Mutation;SNV
P10013;FGFR3;NA;NA;A;G;Missense_Mutation;SNV
P10013;TERT;NA;NA;C;T;Missense_Mutation;SNV
P10014;ARID1A;NA;NA;20;_;Missense_Mutation;INDEL
P10014;MLL2;NA;NA;+;A;Missense_Mutation;SNV
P10014;TP53;NA;NA;T;C;Missense_Mutation;SNV
P10015;ARID1A;NA;NA;C;_;Missense_Mutation;SNV
P10015;TERT;NA;NA;C;T;Missense_Mutation;SNV
P10015;TP53;NA;NA;G;T;Missense_Mutation;SNV
P10016;FAT1;NA;NA;C;_;Missense_Mutation;SNV
P10016;FBXW7;NA;NA;GAG;_;Missense_Mutation;INDEL
P10016;FGFR3;NA;NA;C;G;Missense_Mutation;SNV
P10016;KDM6A;NA;NA;C;_;Missense_Mutation;SNV
P10016;MLL2;NA;NA;G;T;Missense_Mutation;SNV
P10016;NTRK3;NA;NA;G;A;Missense_Mutation;SNV
P10016;TERT;NA;NA;C;T;Missense_Mutation;SNV
P10017;ARID1A;NA;NA;C;T;Missense_Mutation;SNV
P10017;BRCA2;NA;NA;ATAGGTACTCTA;_;Missense_Mutation;INDEL
P10017;TERT;NA;NA;C;T;Missense_Mutation;SNV
P10017;TP53;NA;NA;C;T;Missense_Mutation;SNV
P10021;ARID1A;NA;NA;C;T;Missense_Mutation;SNV
P10021;ASXL1;NA;NA;_;G;Missense_Mutation;SNV
P10021;ATM;NA;NA;C;T;Missense_Mutation;SNV
P10021;ATRX;NA;NA;C;T;Missense_Mutation;SNV
P10021;BCORL1;NA;NA;C;_;Missense_Mutation;SNV
P10021;CREBBP;NA;NA;A;_;Missense_Mutation;SNV
P10021;CTCF;NA;NA;_;A;Missense_Mutation;SNV
P10021;EZH2;NA;NA;C;T;Missense_Mutation;SNV
P10021;FGFR3;NA;NA;C;T;Missense_Mutation;SNV
P10021;FLCN;NA;NA;C;_;Missense_Mutation;SNV
P10021;HNF1A;NA;NA;_;C;Missense_Mutation;SNV
P10021;MLL2;NA;NA;C;T;Missense_Mutation;SNV
P10021;MSH6;NA;NA;_;T;Missense_Mutation;SNV
P10021;NF1;NA;NA;_;C;Missense_Mutation;SNV
P10021;NOTCH4;NA;NA;C;_;Missense_Mutation;SNV
P10021;PARK2;NA;NA;A;_;Missense_Mutation;SNV
P10021;RAD50;NA;NA;A;_;Missense_Mutation;SNV
P10021;RPTOR;NA;NA;G;A;Missense_Mutation;SNV
P10021;TRRAP;NA;NA;C;T;Missense_Mutation;SNV
P10022;MAGI2;NA;NA;G;T;Missense_Mutation;SNV
P10022;MLL2;NA;NA;_;G;Missense_Mutation;SNV
P10022;NOTCH1;NA;NA;C;G;Missense_Mutation;SNV
P10022;PIK3CA;NA;NA;G;A;Missense_Mutation;SNV
P10022;TP53;NA;NA;G;T;Missense_Mutation;SNV
P10023;ACVR1B;NA;NA;G;T;Missense_Mutation;SNV
P10023;MSH6;NA;NA;C;G;Missense_Mutation;SNV
P10024;PIK3CA;NA;NA;A;T;Missense_Mutation;SNV
P10024;TP53;NA;NA;G;T;Missense_Mutation;SNV
P10025;APC;NA;NA;C;T;Missense_Mutation;SNV
P10025;FBXW7;NA;NA;C;T;Missense_Mutation;SNV
P10025;NOTCH1;NA;NA;_;TGCCGCCGGAGCAGC;Missense_Mutation;INDEL
P10025;SOX9;NA;NA;_;C;Missense_Mutation;SNV
P10026;TERT;NA;NA;C;T;Missense_Mutation;SNV
P10027;ATM;NA;NA;G;T;Missense_Mutation;SNV
P10027;BACH1;NA;NA;C;T;Missense_Mutation;SNV
P10027;CDH2;NA;NA;C;T;Missense_Mutation;SNV
P10027;RB1;NA;NA;_;A;Missense_Mutation;SNV
P10027;TERT;NA;NA;C;T;Missense_Mutation;SNV
P10027;TP53;NA;NA;G;C;Missense_Mutation;SNV
P10027;TP53;NA;NA;+;T;Missense_Mutation;SNV
P10028;EP300;NA;NA;C;T;Missense_Mutation;SNV
P10028;TERT;NA;NA;C;T;Missense_Mutation;SNV
P10028;TP53;NA;NA;G;A;Missense_Mutation;SNV
P10029;AKT1;NA;NA;G;A;Missense_Mutation;SNV
P10029;FGFR3;NA;NA;C;G;Missense_Mutation;SNV
P10029;MEN1;NA;NA;G;T;Missense_Mutation;SNV
P10029;TSC1;NA;NA;_;TTTA;Missense_Mutation;INDEL
P10030;KDM6A;NA;NA;C;_;Missense_Mutation;SNV
P10030;PIK3CA;NA;NA;G;C;Missense_Mutation;SNV
P10030;TERT;NA;NA;C;T;Missense_Mutation;SNV
P10030;TP53;NA;NA;_;AG;Missense_Mutation;INDEL
P10032;FGFR3;NA;NA;C;T;Missense_Mutation;SNV
P10032;KDM6A;NA;NA;_;T;Missense_Mutation;SNV
P10032;NUP93;NA;NA;C;T;Missense_Mutation;SNV
P10032;PTPRD;NA;NA;_;T;Missense_Mutation;SNV
P10032;TERT;NA;NA;C;T;Missense_Mutation;SNV
P10033;ATM;NA;NA;C;T;Missense_Mutation;SNV
P10033;FAT1;NA;NA;C;T;Missense_Mutation;SNV
P10033;MLL2;NA;NA;G;T;Missense_Mutation;SNV
P10033;MLL2;NA;NA;G;A;Missense_Mutation;SNV
P10033;TERT;NA;NA;C;T;Missense_Mutation;SNV
P10034;EP300;NA;NA;C;_;Missense_Mutation;SNV
P10034;ERBB2;NA;NA;G;A;Missense_Mutation;SNV
P10034;MLL2;NA;NA;G;A;Missense_Mutation;SNV
P10034;MLL2;NA;NA;;A;Missense_Mutation;INDEL
P10034;STAG2;NA;NA;A;T;Missense_Mutation;SNV
P10034;TP53;NA;NA;G;A;Missense_Mutation;SNV
P10034;TSC1;NA;NA;A;_;Missense_Mutation;SNV
P10035;ARID1A;NA;NA;_;GCA;Missense_Mutation;INDEL
P10035;RB1;NA;NA;G;A;Missense_Mutation;SNV
P10035;TERT;NA;NA;C;T;Missense_Mutation;SNV
P10036;DNMT3A;NA;NA;C;T;Missense_Mutation;SNV
P10036;RB1;NA;NA;AACAG;_;Missense_Mutation;INDEL
P10036;SLIT2;NA;NA;G;C;Missense_Mutation;SNV
P10036;TERT;NA;NA;C;T;Missense_Mutation;SNV
P10036;TP53;NA;NA;G;A;Missense_Mutation;SNV
P10037;ARID1A;NA;NA;C;T;Missense_Mutation;SNV
P10037;EGFR;NA;NA;_;GCGTGGACA;Missense_Mutation;INDEL
P10037;PIK3CA;NA;NA;G;A;Missense_Mutation;SNV
P10037;TERT;NA;NA;C;T;Missense_Mutation;SNV
P10039;FAT1;NA;NA;_;T;Missense_Mutation;SNV
P10039;KDM6A;NA;NA;G;T;Missense_Mutation;SNV
P10039;RB1;NA;NA;C;T;Missense_Mutation;SNV
P10039;RB1;NA;NA;C;A;Missense_Mutation;SNV
P10039;RBM10;NA;NA;A;T;Missense_Mutation;SNV
P10039;TERT;NA;NA;C;T;Missense_Mutation;SNV
P10039;TP53;NA;NA;G;T;Missense_Mutation;SNV
P10040;TERT;NA;NA;C;T;Missense_Mutation;SNV
P10040;TP53;NA;NA;G;A;Missense_Mutation;SNV
P10040;TP53;NA;NA;;T;Missense_Mutation;INDEL
P10041;FGFR3;NA;NA;C;G;Missense_Mutation;SNV
P10041;TERT;NA;NA;C;T;Missense_Mutation;SNV
P10042;FAT1;NA;NA;C;T;Missense_Mutation;SNV
P10042;TERT;NA;NA;C;T;Missense_Mutation;SNV
P10043;EP300;NA;NA;C;T;Missense_Mutation;SNV
P10043;KDM6A;NA;NA;_;A;Missense_Mutation;SNV
P10043;SLIT2;NA;NA;G;C;Missense_Mutation;SNV
P10043;TERT;NA;NA;C;T;Missense_Mutation;SNV
P10044;TERT;NA;NA;C;T;Missense_Mutation;SNV
P10044;TP53;NA;NA;G;C;Missense_Mutation;SNV
P10045;ARID1A;NA;NA;A;_;Missense_Mutation;SNV
P10045;ARID1A;NA;NA;G;_;Missense_Mutation;SNV
P10045;BRD4;NA;NA;A;_;Missense_Mutation;SNV
P10045;CDH1;NA;NA;C;_;Missense_Mutation;SNV
P10045;CDKN2A;NA;NA;C;A;Missense_Mutation;SNV
P10045;CREBBP;NA;NA;C;_;Missense_Mutation;SNV
P10045;EP300;NA;NA;C;_;Missense_Mutation;SNV
P10045;FGFR3;NA;NA;C;T;Missense_Mutation;SNV
P10045;MLL2;NA;NA;AGGAGGTGAGAGGAAGTA;_;Missense_Mutation;INDEL
P10045;MLL3;NA;NA;A;_;Missense_Mutation;SNV
P10045;MSH2;NA;NA;C;_;Missense_Mutation;SNV
P10045;PMS2;NA;NA;G;_;Missense_Mutation;SNV
P10045;STAG2;NA;NA;T;_;Missense_Mutation;SNV
P10045;TET2;NA;NA;G;A;Missense_Mutation;SNV
P10046;TP53;NA;NA;C;G;Missense_Mutation;SNV
P10047;ARID1A;NA;NA;TAGGCCC;_;Missense_Mutation;INDEL
P10047;NOTCH2;NA;NA;CC;_;Missense_Mutation;INDEL
P10047;RB1;NA;NA;+;G;Missense_Mutation;SNV
P10047;TERT;NA;NA;C;T;Missense_Mutation;SNV
P10049;ARID1A;NA;NA;C;T;Missense_Mutation;SNV
P10049;FLCN;NA;NA;G;A;Missense_Mutation;SNV
P10049;RB1;NA;NA;_;CC;Missense_Mutation;INDEL
P10049;TERT;NA;NA;C;T;Missense_Mutation;SNV
P10049;TP53;NA;NA;G;A;Missense_Mutation;SNV
P10050;FOXP1;NA;NA;+;T;Missense_Mutation;SNV
P10050;MLL2;NA;NA;G;T;Missense_Mutation;SNV
P10050;TERT;NA;NA;C;T;Missense_Mutation;SNV
P10050;TP53;NA;NA;C;T;Missense_Mutation;SNV
P10051;ATM;NA;NA;G;A;Missense_Mutation;SNV
P10051;MLL2;NA;NA;G;_;Missense_Mutation;SNV
P10051;PTEN;NA;NA;C;T;Missense_Mutation;SNV
P10051;RB1;NA;NA;G;_;Missense_Mutation;SNV
P10051;TP53;NA;NA;G;A;Missense_Mutation;SNV
P10052;ARID1A;NA;NA;C;T;Missense_Mutation;SNV
P10052;RB1;NA;NA;G;_;Missense_Mutation;SNV
P10053;TP53;NA;NA;G;A;Missense_Mutation;SNV
P10054;ARID1A;NA;NA;_;C;Missense_Mutation;SNV
P10054;FGFR3;NA;NA;C;G;Missense_Mutation;SNV
P10054;MLL2;NA;NA;_;C;Missense_Mutation;SNV
P10054;PARP4;NA;NA;GTG;_;Missense_Mutation;INDEL
P10054;TERT;NA;NA;C;T;Missense_Mutation;SNV
P10055;ASXL1;NA;NA;19;_;Missense_Mutation;INDEL
P10055;NF1;NA;NA;C;T;Missense_Mutation;SNV
P10055;PIK3CA;NA;NA;A;T;Missense_Mutation;SNV
P10055;SMARCA4;NA;NA;G;A;Missense_Mutation;SNV
P10055;STAG2;NA;NA;C;T;Missense_Mutation;SNV
P10055;TERT;NA;NA;C;T;Missense_Mutation;SNV
P10055;TNKS;NA;NA;C;T;Missense_Mutation;SNV
P10057;EP300;NA;NA;+;A;Missense_Mutation;SNV
P10057;EPHA6;NA;NA;G;C;Missense_Mutation;SNV
P10057;SF3B1;NA;NA;A;C;Missense_Mutation;SNV
P10057;TERT;NA;NA;C;T;Missense_Mutation;SNV
P10059;CDKN1B;NA;NA;_;AG;Missense_Mutation;INDEL
P10059;KDM5C;NA;NA;G;A;Missense_Mutation;SNV
P10059;TERT;NA;NA;_-;TT;Missense_Mutation;SNV
P10059;TP53;NA;NA;G;A;Missense_Mutation;SNV
P10060;LRP1B;NA;NA;G;A;Missense_Mutation;SNV
P10060;NF2;NA;NA;G;_;Missense_Mutation;SNV
P10061;CDKN2A;NA;NA;;T;Missense_Mutation;INDEL
P10061;MLL2;NA;NA;TG;_;Missense_Mutation;INDEL
P10061;PIK3R1;NA;NA;T;C;Missense_Mutation;SNV
P10061;TP53;NA;NA;G;T;Missense_Mutation;SNV
P10063;BRCA2;NA;NA;C;G;Missense_Mutation;SNV
P10063;ERBB2;NA;NA;C;A;Missense_Mutation;SNV
P10063;TERT;NA;NA;C;T;Missense_Mutation;SNV
P10063;TP53;NA;NA;_;CC;Missense_Mutation;INDEL
P10063;TSC1;NA;NA;;A;Missense_Mutation;INDEL
P10064;ERBB2;NA;NA;G;A;Missense_Mutation;SNV
P10064;FLCN;NA;NA;G;A;Missense_Mutation;SNV
P10064;TERT;NA;NA;C;T;Missense_Mutation;SNV
P10064;TSC1;NA;NA;AC;_;Missense_Mutation;INDEL
P10065;KDM6A;NA;NA;C;T;Missense_Mutation;SNV
P10065;SPTA1;NA;NA;G;A;Missense_Mutation;SNV
P10065;TERT;NA;NA;C;T;Missense_Mutation;SNV
P10065;TP53;NA;NA;C;T;Missense_Mutation;SNV
P10068;ARID1A;NA;NA;26;_;Missense_Mutation;INDEL
P10068;CDKN1B;NA;NA;G;T;Missense_Mutation;SNV
P10068;ERBB2;NA;NA;G;T;Missense_Mutation;SNV
P10068;MLL2;NA;NA;A;_;Missense_Mutation;SNV
P10068;TERT;NA;NA;C;T;Missense_Mutation;SNV
P10069;FGF14;NA;NA;C;T;Missense_Mutation;SNV
P10069;MLL2;NA;NA;_;A;Missense_Mutation;SNV
P10069;PALB2;NA;NA;_;A;Missense_Mutation;SNV
P10069;TP53;NA;NA;G;C;Missense_Mutation;SNV
P10070;APC;NA;NA;;C;Missense_Mutation;INDEL
P10070;MLL2;NA;NA;_;A;Missense_Mutation;SNV
P10070;PIK3CA;NA;NA;G;A;Missense_Mutation;SNV
P10070;STAG2;NA;NA;G;T;Missense_Mutation;SNV
P10070;TP53;NA;NA;G;A;Missense_Mutation;SNV
P10076;KRAS;NA;NA;G;A;Missense_Mutation;SNV
P10076;NFE2L2;NA;NA;G;A;Missense_Mutation;SNV
P10076;PIK3R1;NA;NA;G;T;Missense_Mutation;SNV
P10076;TERT;NA;NA;C;T;Missense_Mutation;SNV
P10078;ARID1A;NA;NA;C;T;Missense_Mutation;SNV
P10078;FGFR3;NA;NA;C;G;Missense_Mutation;SNV
P10078;TERT;NA;NA;C;T;Missense_Mutation;SNV
P10078;TSC1;NA;NA;C;G;Missense_Mutation;SNV
P10079;CTNNB1;NA;NA;C;A;Missense_Mutation;SNV
P10079;KRAS;NA;NA;G;T;Missense_Mutation;SNV
P10079;PTEN;NA;NA;C;G;Missense_Mutation;SNV
P10079;TP53;NA;NA;C;T;Missense_Mutation;SNV
P10080;ATM;NA;NA;G;T;Missense_Mutation;SNV
P10080;FAT1;NA;NA;_;A;Missense_Mutation;SNV
P10080;NOTCH2;NA;NA;CC;_;Missense_Mutation;INDEL
P10080;SMAD4;NA;NA;C;_;Missense_Mutation;SNV
P10080;TERT;NA;NA;C;T;Missense_Mutation;SNV
P10081;CREBBP;NA;NA;C;T;Missense_Mutation;SNV
P10081;FGFR3;NA;NA;G;T;Missense_Mutation;SNV
P10081;RPA1;NA;NA;C;T;Missense_Mutation;SNV
P10081;TERT;NA;NA;C;T;Missense_Mutation;SNV
P10081;TP53;NA;NA;C;A;Missense_Mutation;SNV
P10082;ERBB2;NA;NA;_;ATACGTGATGGC;Missense_Mutation;INDEL
P10082;TERT;NA;NA;C;T;Missense_Mutation;SNV
P10083;BRCA2;NA;NA;_;T;Missense_Mutation;SNV
P10083;HRAS;NA;NA;G;C;Missense_Mutation;SNV
P10083;TERT;NA;NA;C;T;Missense_Mutation;SNV
P10087;CREBBP;NA;NA;C;T;Missense_Mutation;SNV
P10087;RB1;NA;NA;;G;Missense_Mutation;INDEL
P10087;TERT;NA;NA;C;T;Missense_Mutation;SNV
P10087;TP53;NA;NA;C;G;Missense_Mutation;SNV
P10088;DNMT3A;NA;NA;G;T;Missense_Mutation;SNV
P10088;TSC1;NA;NA;_;T;Missense_Mutation;SNV
P10090;ARID1A;NA;NA;C;G;Missense_Mutation;SNV
P10090;BRCA1;NA;NA;+;A;Missense_Mutation;SNV
P10090;CREBBP;NA;NA;C;T;Missense_Mutation;SNV
P10090;ERBB3;NA;NA;G;A;Missense_Mutation;SNV
P10090;KDM6A;NA;NA;C;T;Missense_Mutation;SNV
P10090;KEAP1;NA;NA;G;A;Missense_Mutation;SNV
P10090;PIK3R1;NA;NA;C;T;Missense_Mutation;SNV
P10090;RB1;NA;NA;C;_;Missense_Mutation;SNV
P10090;TERT;NA;NA;C;T;Missense_Mutation;SNV
P10090;TP53;NA;NA;_;TT;Missense_Mutation;INDEL
P10091;PIK3R2;NA;NA;G;T;Missense_Mutation;SNV
P10091;RB1;NA;NA;C;T;Missense_Mutation;SNV
P10091;TERT;NA;NA;C;T;Missense_Mutation;SNV
P10091;TP53;NA;NA;G;A;Missense_Mutation;SNV
P10092;ARID1A;NA;NA;G;_;Missense_Mutation;SNV
P10092;CDKN2A;NA;NA;C;A;Missense_Mutation;SNV
P10092;ERBB2;NA;NA;C;T;Missense_Mutation;SNV
P10092;LRP1B;NA;NA;C;A;Missense_Mutation;SNV
P10092;NCOR1;NA;NA;C;A;Missense_Mutation;SNV
P10092;SETD2;NA;NA;C;A;Missense_Mutation;SNV
P10092;SMARCA4;NA;NA;_;G;Missense_Mutation;SNV
P10093;CTNNB1;NA;NA;C;T;Missense_Mutation;SNV
P10093;LRP1B;NA;NA;C;A;Missense_Mutation;SNV
P10093;PIK3CA;NA;NA;G;C;Missense_Mutation;SNV
P10093;TERT;NA;NA;C;T;Missense_Mutation;SNV
P10093;TP53;NA;NA;CACCCCCGCCCGG;_;Missense_Mutation;INDEL
P10095;CTNNB1;NA;NA;T;C;Missense_Mutation;SNV
P10095;HRAS;NA;NA;C;A;Missense_Mutation;SNV
P10095;TERT;NA;NA;C;T;Missense_Mutation;SNV
P10096;ATM;NA;NA;G;A;Missense_Mutation;SNV
P10096;ATM;NA;NA;_;T;Missense_Mutation;SNV
P10096;SF3B1;NA;NA;G;A;Missense_Mutation;SNV
P10096;TERT;NA;NA;C;T;Missense_Mutation;SNV
P10097;EP300;NA;NA;;A;Missense_Mutation;INDEL
P10097;FGFR3;NA;NA;C;G;Missense_Mutation;SNV
P10097;TERT;NA;NA;C;T;Missense_Mutation;SNV
P10097;TSC1;NA;NA;C;T;Missense_Mutation;SNV
P10098;ARID1A;NA;NA;C;_;Missense_Mutation;SNV
P10098;HRAS;NA;NA;G;A;Missense_Mutation;SNV
P10098;MLL2;NA;NA;G;T;Missense_Mutation;SNV
P10098;RAD51;NA;NA;c;T;Missense_Mutation;SNV
P10098;TERT;NA;NA;C;T;Missense_Mutation;SNV
P10099;FUBP1;NA;NA;G;T;Missense_Mutation;SNV
P10099;NF2;NA;NA;C;G;Missense_Mutation;SNV
P10099;PIK3CA;NA;NA;G;A;Missense_Mutation;SNV
P10099;RB1;NA;NA;C;T;Missense_Mutation;SNV
P10100;ERBB2;NA;NA;_;ATACGTGATGGC;Missense_Mutation;INDEL
P10101;CDKN2A;NA;NA;G;C;Missense_Mutation;SNV
P10101;PAX5;NA;NA;+;G;Missense_Mutation;SNV
P10101;SMARCA4;NA;NA;C;T;Missense_Mutation;SNV
P10101;TP53;NA;NA;G;A;Missense_Mutation;SNV
P10102;KDM6A;NA;NA;_;A;Missense_Mutation;SNV
P10102;PIK3CA;NA;NA;A;G;Missense_Mutation;SNV
P10102;STAG2;NA;NA;C;T;Missense_Mutation;SNV
P10102;TERT;NA;NA;C;T;Missense_Mutation;SNV
P10103;CDKN2A;NA;NA;C;T;Missense_Mutation;SNV
P10103;MLL2;NA;NA;;C;Missense_Mutation;INDEL
P10103;NCOR1;NA;NA;C;_;Missense_Mutation;SNV
P10103;TERT;NA;NA;C;T;Missense_Mutation;SNV
P10103;TP53;NA;NA;_;T;Missense_Mutation;SNV
P10104;KDM6A;NA;NA;C;T;Missense_Mutation;SNV
P10104;RBM10;NA;NA;C;T;Missense_Mutation;SNV
P10104;TP53;NA;NA;G;C;Missense_Mutation;SNV
P10105;BAP1;NA;NA;G;C;Missense_Mutation;SNV
P10105;EGFR;NA;NA;_;GCGTGGACA;Missense_Mutation;INDEL
P10105;FOXP1;NA;NA;C;T;Missense_Mutation;SNV
P10105;MLL2;NA;NA;G;T;Missense_Mutation;SNV
P10105;STAT4;NA;NA;;C;Missense_Mutation;INDEL
P10105;TERT;NA;NA;C;T;Missense_Mutation;SNV
P10106;ARID2;NA;NA;A;_;Missense_Mutation;SNV
P10106;MLL2;NA;NA;C;_;Missense_Mutation;SNV
P10106;RB1;NA;NA;TTTC;_;Missense_Mutation;INDEL
P10106;TERT;NA;NA;C;T;Missense_Mutation;SNV
P10106;TP53;NA;NA;G;A;Missense_Mutation;SNV
P10110;BRIP1;NA;NA;;T;Missense_Mutation;INDEL
P10110;EGFR;NA;NA;_;C;Missense_Mutation;SNV
P10110;MLL2;NA;NA;C;T;Missense_Mutation;SNV
P10110;TERT;NA;NA;C;T;Missense_Mutation;SNV
P10111;ARID1A;NA;NA;C;T;Missense_Mutation;SNV
P10111;KDM6A;NA;NA;;A;Missense_Mutation;INDEL
P10111;PIK3CA;NA;NA;G;A;Missense_Mutation;SNV
P10111;STAG2;NA;NA;C;T;Missense_Mutation;SNV
P10111;TERT;NA;NA;C;T;Missense_Mutation;SNV
P10112;BRCA2;NA;NA;C;G;Missense_Mutation;SNV
P10112;CEBPA;NA;NA;G;C;Missense_Mutation;SNV
P10112;FANCD2;NA;NA;G;T;Missense_Mutation;SNV
P10112;FGFR3;NA;NA;C;G;Missense_Mutation;SNV
P10112;MLL2;NA;NA;19;_;Missense_Mutation;INDEL
P10112;TERT;NA;NA;C;T;Missense_Mutation;SNV
P10112;TP53;NA;NA;G;A;Missense_Mutation;SNV
P10114;MLL2;NA;NA;C;T;Missense_Mutation;SNV
P10114;MLL2;NA;NA;GG;_;Missense_Mutation;INDEL
P10114;RB1;NA;NA;>TT;_;Missense_Mutation;INDEL
P10114;TP53;NA;NA;G;C;Missense_Mutation;SNV
P10115;ASXL1;NA;NA;_;G;Missense_Mutation;SNV
P10115;ATM;NA;NA;G;A;Missense_Mutation;SNV
P10115;AXL;NA;NA;C;T;Missense_Mutation;SNV
P10115;CDKN2A;NA;NA;C;T;Missense_Mutation;SNV
P10115;CREBBP;NA;NA;A;_;Missense_Mutation;SNV
P10115;CYLD;NA;NA;_;A;Missense_Mutation;SNV
P10115;HNF1A;NA;NA;_;C;Missense_Mutation;SNV
P10115;IGF2R;NA;NA;_;G;Missense_Mutation;SNV
P10115;LRP1B;NA;NA;G;A;Missense_Mutation;SNV
P10115;LRP6;NA;NA;C;T;Missense_Mutation;SNV
P10115;MLL2;NA;NA;C;T;Missense_Mutation;SNV
P10115;POLE;NA;NA;G;A;Missense_Mutation;SNV
P10115;RNF43;NA;NA;G;_;Missense_Mutation;SNV
P10115;SMARCA4;NA;NA;G;A;Missense_Mutation;SNV
P10115;TSC1;NA;NA;C;_;Missense_Mutation;SNV
P10116;HRAS;NA;NA;G;C;Missense_Mutation;SNV
P10117;GATA3;NA;NA;_;TC;Missense_Mutation;INDEL
P10117;KDM5C;NA;NA;G;T;Missense_Mutation;SNV
P10117;NF1;NA;NA;T;_;Missense_Mutation;SNV
P10117;SPEN;NA;NA;G;T;Missense_Mutation;SNV
P10117;TERT;NA;NA;C;T;Missense_Mutation;SNV
P10117;TP53;NA;NA;C;T;Missense_Mutation;SNV
P10119;CUL3;NA;NA;G;T;Missense_Mutation;SNV
P10119;FAT1;NA;NA;C;T;Missense_Mutation;SNV
P10119;JUN;NA;NA;C;G;Missense_Mutation;SNV
P10119;KDM6A;NA;NA;GA;_;Missense_Mutation;INDEL
P10119;PIK3CA;NA;NA;G;A;Missense_Mutation;SNV
P10119;RBM10;NA;NA;C;G;Missense_Mutation;SNV
P10119;TP53;NA;NA;C;T;Missense_Mutation;SNV
P10120;PIK3CA;NA;NA;G;C;Missense_Mutation;SNV
P10122;ARID1A;NA;NA;_;GCA;Missense_Mutation;INDEL
P10122;TERT;NA;NA;C;T;Missense_Mutation;SNV
P10125;FGFR3;NA;NA;C;G;Missense_Mutation;SNV
P10125;MSH6;NA;NA;G;T;Missense_Mutation;SNV
P10125;NUP93;NA;NA;G;A;Missense_Mutation;SNV
P10125;TERT;NA;NA;C;T;Missense_Mutation;SNV
P10127;BAP1;NA;NA;C;T;Missense_Mutation;SNV
P10127;ERBB3;NA;NA;G;T;Missense_Mutation;SNV
P10127;TERT;NA;NA;C;T;Missense_Mutation;SNV
P10129;ARID1A;NA;NA;;C;Missense_Mutation;INDEL
P10129;CREBBP;NA;NA;TCTGAATCTT;_;Missense_Mutation;INDEL
P10129;EGFR;NA;NA;GATGCA;_;Missense_Mutation;INDEL
P10129;RAD50;NA;NA;AAAAG;_;Missense_Mutation;INDEL
P10129;RB1;NA;NA;C;T;Missense_Mutation;SNV
P10129;TERT;NA;NA;C;T;Missense_Mutation;SNV
P10129;TP53;NA;NA;C;G;Missense_Mutation;SNV
P10131;NOTCH4;NA;NA;G;A;Missense_Mutation;SNV
P10131;RBM10;NA;NA;G;T;Missense_Mutation;SNV
P10131;TERT;NA;NA;C;T;Missense_Mutation;SNV
P10131;TP53;NA;NA;C;_;Missense_Mutation;SNV
P10134;DNMT3A;NA;NA;C;G;Missense_Mutation;SNV
P10134;MLL2;NA;NA;_;T;Missense_Mutation;SNV
P10134;TP53;NA;NA;A;T;Missense_Mutation;SNV
P10135;MLL2;NA;NA;_;A;Missense_Mutation;SNV
P10135;TP53;NA;NA;T;A;Missense_Mutation;SNV
P10136;ARID1A;NA;NA;G;A;Missense_Mutation;SNV
P10136;ERBB2;NA;NA;C;T;Missense_Mutation;SNV
P10136;RB1;NA;NA;C;T;Missense_Mutation;SNV
P10136;TERT;NA;NA;C;T;Missense_Mutation;SNV
P10136;TP53;NA;NA;G;T;Missense_Mutation;SNV
P10137;ATR;NA;NA;G;T;Missense_Mutation;SNV
P10137;ERBB3;NA;NA;G;A;Missense_Mutation;SNV
P10137;FBXW7;NA;NA;C;T;Missense_Mutation;SNV
P10137;MEN1;NA;NA;_;A;Missense_Mutation;SNV
P10137;RBM10;NA;NA;+;A;Missense_Mutation;SNV
P10137;TERT;NA;NA;C;T;Missense_Mutation;SNV
P10138;FBXW7;NA;NA;C;T;Missense_Mutation;SNV
P10138;KDM6A;NA;NA;C;A;Missense_Mutation;SNV
P10138;LRP1B;NA;NA;G;A;Missense_Mutation;SNV
P10138;NF2;NA;NA;G;T;Missense_Mutation;SNV
P10138;RB1;NA;NA;;A;Missense_Mutation;INDEL
P10138;TERT;NA;NA;C;T;Missense_Mutation;SNV
P10138;TP53;NA;NA;G;T;Missense_Mutation;SNV
P10139;ARID1A;NA;NA;G;T;Missense_Mutation;SNV
P10139;CTNNB1;NA;NA;G;A;Missense_Mutation;SNV
P10139;EP300;NA;NA;C;T;Missense_Mutation;SNV
P10139;EP300;NA;NA;C;T;Missense_Mutation;SNV
P10139;ERBB2;NA;NA;C;T;Missense_Mutation;SNV
P10139;FAT1;NA;NA;C;T;Missense_Mutation;SNV
P10139;MLL2;NA;NA;_;T;Missense_Mutation;SNV
P10139;PMS2;NA;NA;C;T;Missense_Mutation;SNV
P10139;PTCH2;NA;NA;C;T;Missense_Mutation;SNV
P10139;RNF43;NA;NA;_;GT;Missense_Mutation;INDEL
P10139;TERT;NA;NA;C;T;Missense_Mutation;SNV
P10139;TP53;NA;NA;G;A;Missense_Mutation;SNV
P10140;BRCA1;NA;NA;AG;_;Missense_Mutation;INDEL
P10140;CDH1;NA;NA;G;T;Missense_Mutation;SNV
P10140;CDKN1B;NA;NA;C;T;Missense_Mutation;SNV
P10140;NF1;NA;NA;C;T;Missense_Mutation;SNV
P10140;PIK3CA;NA;NA;G;A;Missense_Mutation;SNV
P10140;TERT;NA;NA;C;T;Missense_Mutation;SNV
P10140;TET2;NA;NA;C;G;Missense_Mutation;SNV
P10140;TP53;NA;NA;G;A;Missense_Mutation;SNV
P10141;KDM6A;NA;NA;C;T;Missense_Mutation;SNV
P10141;TP53;NA;NA;T;A;Missense_Mutation;SNV
P10145;MLL2;NA;NA;CC;_;Missense_Mutation;INDEL
P10146;BRCA1;NA;NA;+;C;Missense_Mutation;SNV
P10146;FOXP1;NA;NA;G;A;Missense_Mutation;SNV
P10146;RB1;NA;NA;CTACGCGTGTAAA;_;Missense_Mutation;INDEL
P10146;TP53;NA;NA;G;A;Missense_Mutation;SNV
P10147;FGFR3;NA;NA;C;G;Missense_Mutation;SNV
P10147;TERT;NA;NA;C;T;Missense_Mutation;SNV
P10147;TP53;NA;NA;G;A;Missense_Mutation;SNV
P10148;ARID1A;NA;NA;C;G;Missense_Mutation;SNV
P10148;CHD4;NA;NA;C;A;Missense_Mutation;SNV
P10148;PIK3CA;NA;NA;G;A;Missense_Mutation;SNV
P10148;TERT;NA;NA;C;T;Missense_Mutation;SNV
P10148;TP53;NA;NA;G;A;Missense_Mutation;SNV
P10149;ARAF;NA;NA;G;A;Missense_Mutation;SNV
P10149;ARID1A;NA;NA;C;_;Missense_Mutation;SNV
P10149;ASXL1;NA;NA;G;_;Missense_Mutation;SNV
P10149;ATRX;NA;NA;AGAG;_;Missense_Mutation;INDEL
P10149;FAM123B;NA;NA;C;T;Missense_Mutation;SNV
P10149;FBXW7;NA;NA;C;T;Missense_Mutation;SNV
P10149;FOXP1;NA;NA;G;A;Missense_Mutation;SNV
P10149;FOXP1;NA;NA;CT;_;Missense_Mutation;INDEL
P10149;JAK1;NA;NA;C;_;Missense_Mutation;SNV
P10149;LRP1B;NA;NA;A;_;Missense_Mutation;SNV
P10149;LZTR1;NA;NA;G;A;Missense_Mutation;SNV
P10149;MLL2;NA;NA;G;_;Missense_Mutation;SNV
P10149;MLL3;NA;NA;A;_;Missense_Mutation;SNV
P10149;PBRM1;NA;NA;C;_;Missense_Mutation;SNV
P10150;BRAF;NA;NA;T;A;Missense_Mutation;SNV
P10150;FGFR3;NA;NA;C;T;Missense_Mutation;SNV
P10150;TERT;NA;NA;C;T;Missense_Mutation;SNV
P10151;BRAF;NA;NA;T;A;Missense_Mutation;SNV
P10151;CTNNB1;NA;NA;T;C;Missense_Mutation;SNV
P10151;PIK3CA;NA;NA;G;A;Missense_Mutation;SNV
P10151;TERT;NA;NA;C;T;Missense_Mutation;SNV
P10153;DNMT3A;NA;NA;C;T;Missense_Mutation;SNV
P10153;MLL2;NA;NA;C;T;Missense_Mutation;SNV
P10153;SF3B1;NA;NA;G;A;Missense_Mutation;SNV
P10153;STK11;NA;NA;C;T;Missense_Mutation;SNV
P10153;TERT;NA;NA;C;T;Missense_Mutation;SNV
P10153;TP53;NA;NA;C;T;Missense_Mutation;SNV
P10155;EP300;NA;NA;C;T;Missense_Mutation;SNV
P10155;MLL2;NA;NA;T;A;Missense_Mutation;SNV
P10155;NOTCH4;NA;NA;_;G;Missense_Mutation;SNV
P10155;TP53;NA;NA;C;T;Missense_Mutation;SNV
P10156;PIK3CA;NA;NA;G;A;Missense_Mutation;SNV
P10156;TERT;NA;NA;C;T;Missense_Mutation;SNV
P10157;KEL;NA;NA;_;GTCTGTCC;Missense_Mutation;INDEL
P10157;MLL3;NA;NA;C;T;Missense_Mutation;SNV
P10157;MUTYH;NA;NA;G;A;Missense_Mutation;SNV
P10157;TERT;NA;NA;C;T;Missense_Mutation;SNV
P10157;TP53;NA;NA;GCGGC;_;Missense_Mutation;INDEL
P10159;APC;NA;NA;G;T;Missense_Mutation;SNV
P10159;ARID2;NA;NA;C;G;Missense_Mutation;SNV
P10159;CREBBP;NA;NA;C;T;Missense_Mutation;SNV
P10159;KDM6A;NA;NA;_;T;Missense_Mutation;SNV
P10159;MAP3K1;NA;NA;_;GAACAGTTAC;Missense_Mutation;INDEL
P10159;NCOR1;NA;NA;G;T;Missense_Mutation;SNV
P10159;TERT;NA;NA;C;T;Missense_Mutation;SNV
P10159;TET2;NA;NA;C;T;Missense_Mutation;SNV
P10159;TP53;NA;NA;G;A;Missense_Mutation;SNV
P10160;ERBB3;NA;NA;G;T;Missense_Mutation;SNV
P10160;TERT;NA;NA;C;T;Missense_Mutation;SNV
P10160;TP53;NA;NA;G;C;Missense_Mutation;SNV
P10161;ARID1A;NA;NA;C;G;Missense_Mutation;SNV
P10161;CHEK2;NA;NA;G;T;Missense_Mutation;SNV
P10161;CREBBP;NA;NA;C;G;Missense_Mutation;SNV
P10161;KDM6A;NA;NA;GTTGGTCATACCAT;_;Missense_Mutation;INDEL
P10161;RB1;NA;NA;C;G;Missense_Mutation;SNV
P10161;SPEN;NA;NA;C;T;Missense_Mutation;SNV
P10161;TERT;NA;NA;C;T;Missense_Mutation;SNV
P10161;TP53;NA;NA;+;T;Missense_Mutation;SNV
P10162;ATR;NA;NA;C;G;Missense_Mutation;SNV
P10162;CREBBP;NA;NA;C;G;Missense_Mutation;SNV
P10162;ERRFI1;NA;NA;A;G;Missense_Mutation;SNV
P10162;RB1;NA;NA;_;A;Missense_Mutation;SNV
P10162;TOP2A;NA;NA;G;A;Missense_Mutation;SNV
P10162;TP53;NA;NA;G;C;Missense_Mutation;SNV
P10164;NOTCH1;NA;NA;C;T;Missense_Mutation;SNV
P10164;TERT;NA;NA;C;T;Missense_Mutation;SNV
P10164;TSC1;NA;NA;C;T;Missense_Mutation;SNV
P10166;ARID1A;NA;NA;C;_;Missense_Mutation;SNV
P10166;BRCA2;NA;NA;G;T;Missense_Mutation;SNV
P10166;CDH1;NA;NA;;A;Missense_Mutation;INDEL
P10166;DNMT3A;NA;NA;G;A;Missense_Mutation;SNV
P10166;FBXW7;NA;NA;C;T;Missense_Mutation;SNV
P10166;NF2;NA;NA;G;T;Missense_Mutation;SNV
P10166;RB1;NA;NA;;A;Missense_Mutation;INDEL
P10166;SMAD2;NA;NA;C;G;Missense_Mutation;SNV
P10166;SMARCA4;NA;NA;;A;Missense_Mutation;INDEL
P10166;TERT;NA;NA;C;T;Missense_Mutation;SNV
P10166;TP53;NA;NA;G;C;Missense_Mutation;SNV
P10167;ACVR1B;NA;NA;G;T;Missense_Mutation;SNV
P10167;ARID1A;NA;NA;AGCTGCGGCGGCGGC;_;Missense_Mutation;INDEL
P10167;MLL2;NA;NA;G;T;Missense_Mutation;SNV
P10167;PTEN;NA;NA;G;C;Missense_Mutation;SNV
P10167;TP53;NA;NA;G;T;Missense_Mutation;SNV
P10169;FBXW7;NA;NA;AT;_;Missense_Mutation;INDEL
P10169;MLL2;NA;NA;c;T;Missense_Mutation;SNV
P10169;TP53;NA;NA;A;G;Missense_Mutation;SNV
P10170;KDM6A;NA;NA;G;_;Missense_Mutation;SNV
P10170;RBM10;NA;NA;;A;Missense_Mutation;INDEL
P10170;TP53;NA;NA;G;A;Missense_Mutation;SNV
P10171;FGFR3;NA;NA;C;G;Missense_Mutation;SNV
P10171;MLL2;NA;NA;C;G;Missense_Mutation;SNV
P10171;PIK3CA;NA;NA;A;G;Missense_Mutation;SNV
P10171;PTPRD;NA;NA;C;T;Missense_Mutation;SNV
P10171;STAG2;NA;NA;_;AG;Missense_Mutation;INDEL
P10172;ARID1A;NA;NA;AACAGGCAGAGCACGGGCTCTGCCC;_;Missense_Mutation;INDEL
P10172;PIK3CA;NA;NA;G;A;Missense_Mutation;SNV
P10172;RUNX1;NA;NA;G;A;Missense_Mutation;SNV
P10172;TERT;NA;NA;C;T;Missense_Mutation;SNV
P10174;APC;NA;NA;C;T;Missense_Mutation;SNV
P10174;CDKN1B;NA;NA;C;_;Missense_Mutation;SNV
P10174;EGFR;NA;NA;G;A;Missense_Mutation;SNV
P10174;ERBB3;NA;NA;G;A;Missense_Mutation;SNV
P10174;FAT1;NA;NA;TACGGACTAT;_;Missense_Mutation;INDEL
P10174;KDM6A;NA;NA;G;T;Missense_Mutation;SNV
P10174;MTOR;NA;NA;G;C;Missense_Mutation;SNV
P10174;PIK3CA;NA;NA;G;C;Missense_Mutation;SNV
P10174;STAG2;NA;NA;C;T;Missense_Mutation;SNV
P10174;TERT;NA;NA;C;T;Missense_Mutation;SNV
P10174;TP53;NA;NA;G;T;Missense_Mutation;SNV
P10177;MLL2;NA;NA;C;T;Missense_Mutation;SNV
P10177;SMAD4;NA;NA;C;T;Missense_Mutation;SNV
P10177;TP53;NA;NA;C;T;Missense_Mutation;SNV
P10178;FANCI;NA;NA;C;G;Missense_Mutation;SNV
P10178;SETD2;NA;NA;C;G;Missense_Mutation;SNV
P10178;TERT;NA;NA;C;T;Missense_Mutation;SNV
P10178;TP53;NA;NA;G;A;Missense_Mutation;SNV
P10180;DNMT3A;NA;NA;C;T;Missense_Mutation;SNV
P10180;KDM6A;NA;NA;C;T;Missense_Mutation;SNV
P10180;TERT;NA;NA;C;T;Missense_Mutation;SNV
P10180;TP53;NA;NA;;C;Missense_Mutation;INDEL
P10181;ARID1A;NA;NA;G;T;Missense_Mutation;SNV
P10181;CDKN1B;NA;NA;C;T;Missense_Mutation;SNV
P10181;ERBB3;NA;NA;G;T;Missense_Mutation;SNV
P10181;SDHA;NA;NA;;G;Missense_Mutation;INDEL
P10181;TERT;NA;NA;C;T;Missense_Mutation;SNV
P10181;TP53;NA;NA;C;T;Missense_Mutation;SNV
P10182;MLL2;NA;NA;_;C;Missense_Mutation;SNV
P10182;TP53;NA;NA;A;G;Missense_Mutation;SNV
P10184;MAGI2;NA;NA;CA;_;Missense_Mutation;INDEL
P10184;NOTCH3;NA;NA;C;T;Missense_Mutation;SNV
P10184;TERT;NA;NA;C;T;Missense_Mutation;SNV
P10185;ARID1A;NA;NA;;C;Missense_Mutation;INDEL
P10185;RB1;NA;NA;A;_;Missense_Mutation;SNV
P10185;TERT;NA;NA;C;T;Missense_Mutation;SNV
P10185;TP53;NA;NA;C;T;Missense_Mutation;SNV
P10187;EGFR;NA;NA;_;TAC;Missense_Mutation;INDEL
P10187;TERT;NA;NA;C;T;Missense_Mutation;SNV
P10188;CDKN2A;NA;NA;_;GGCTGACT;Missense_Mutation;INDEL
P10188;SOX10;NA;NA;C;T;Missense_Mutation;SNV
P10188;TERT;NA;NA;C;T;Missense_Mutation;SNV
P10188;TP53;NA;NA;G;C;Missense_Mutation;SNV
P10189;FGFR3;NA;NA;C;T;Missense_Mutation;SNV
P10189;TERT;NA;NA;C;T;Missense_Mutation;SNV
P10189;TSC1;NA;NA;;C;Missense_Mutation;INDEL
P10190;ATM;NA;NA;G;A;Missense_Mutation;SNV
P10190;BRCA2;NA;NA;G;T;Missense_Mutation;SNV
P10190;RB1;NA;NA;C;A;Missense_Mutation;SNV
P10190;TERT;NA;NA;C;T;Missense_Mutation;SNV
P10190;TP53;NA;NA;42;_;Missense_Mutation;INDEL
P10191;ERBB4;NA;NA;G;A;Missense_Mutation;SNV
P10191;NTRK1;NA;NA;G;T;Missense_Mutation;SNV
P10191;TERT;NA;NA;C;T;Missense_Mutation;SNV
P10192;PAX5;NA;NA;T;G;Missense_Mutation;SNV
P10192;PTEN;NA;NA;+;C;Missense_Mutation;SNV
P10192;TERT;NA;NA;C;T;Missense_Mutation;SNV
P10193;MTOR;NA;NA;A;T;Missense_Mutation;SNV
P10193;PIK3CA;NA;NA;G;A;Missense_Mutation;SNV
P10193;TERT;NA;NA;C;T;Missense_Mutation;SNV
P10194;ATM;NA;NA;_;C;Missense_Mutation;SNV
P10194;LRP1B;NA;NA;C;A;Missense_Mutation;SNV
P10194;MEN1;NA;NA;C;G;Missense_Mutation;SNV
P10194;NFE2L2;NA;NA;G;A;Missense_Mutation;SNV
P10194;PBRM1;NA;NA;_;A;Missense_Mutation;SNV
P10195;TERT;NA;NA;C;T;Missense_Mutation;SNV
P10196;ARID1A;NA;NA;26;_;Missense_Mutation;INDEL
P10196;GATA4;NA;NA;+;A;Missense_Mutation;SNV
P10196;KDM6A;NA;NA;_;G;Missense_Mutation;SNV
P10196;SF3B1;NA;NA;G;A;Missense_Mutation;SNV
P10196;TP53;NA;NA;G;T;Missense_Mutation;SNV
P10199;ARID1A;NA;NA;C;T;Missense_Mutation;SNV
P10199;TERT;NA;NA;C;T;Missense_Mutation;SNV
P10200;FAT1;NA;NA;C;T;Missense_Mutation;SNV
P10200;KDM6A;NA;NA;G;T;Missense_Mutation;SNV
P10200;TERT;NA;NA;C;T;Missense_Mutation;SNV
P10201;BRCA1;NA;NA;A;T;Missense_Mutation;SNV
P10201;CREBBP;NA;NA;C;A;Missense_Mutation;SNV
P10201;DNMT3A;NA;NA;C;T;Missense_Mutation;SNV
P10201;ERBB3;NA;NA;G;A;Missense_Mutation;SNV
P10201;FBXW7;NA;NA;;C;Missense_Mutation;INDEL
P10201;FGFR3;NA;NA;A;G;Missense_Mutation;SNV
P10201;KDM5C;NA;NA;19;_;Missense_Mutation;INDEL
P10201;KDM6A;NA;NA;T;A;Missense_Mutation;SNV
P10201;RBM10;NA;NA;25;_;Missense_Mutation;INDEL
P10201;SETD2;NA;NA;C;T;Missense_Mutation;SNV
P10201;STAG2;NA;NA;C;T;Missense_Mutation;SNV
P10201;TBX3;NA;NA;23;_;Missense_Mutation;INDEL
P10201;TERT;NA;NA;C;T;Missense_Mutation;SNV
P10202;ERBB3;NA;NA;G;A;Missense_Mutation;SNV
P10202;KDM6A;NA;NA;C;T;Missense_Mutation;SNV
P10202;TERT;NA;NA;C;T;Missense_Mutation;SNV
P10202;TP53;NA;NA;G;A;Missense_Mutation;SNV
P10202;TSC1;NA;NA;C;T;Missense_Mutation;SNV
P10203;FGFR3;NA;NA;C;G;Missense_Mutation;SNV
P10203;STAG2;NA;NA;+;T;Missense_Mutation;SNV
P10203;TERT;NA;NA;C;T;Missense_Mutation;SNV
P10204;CD274;NA;NA;C;T;Missense_Mutation;SNV
P10204;NOTCH2;NA;NA;CC;_;Missense_Mutation;INDEL
P10204;TP53;NA;NA;G;T;Missense_Mutation;SNV
P10204;WT1;NA;NA;T;C;Missense_Mutation;SNV
P10205;FAT1;NA;NA;C;T;Missense_Mutation;SNV
P10206;TERT;NA;NA;C;T;Missense_Mutation;SNV
P10207;ARID1A;NA;NA;C;G;Missense_Mutation;SNV
P10207;HRAS;NA;NA;G;C;Missense_Mutation;SNV
P10207;PIK3CA;NA;NA;G;T;Missense_Mutation;SNV
P10207;TERT;NA;NA;C;T;Missense_Mutation;SNV
P10209;SETD2;NA;NA;AAGCAGA;_;Missense_Mutation;INDEL
P10209;TERT;NA;NA;C;T;Missense_Mutation;SNV
P10210;ARID1A;NA;NA;C;G;Missense_Mutation;SNV
P10210;BRAF;NA;NA;A;G;Missense_Mutation;SNV
P10210;EP300;NA;NA;C;G;Missense_Mutation;SNV
P10210;KDM6A;NA;NA;_;T;Missense_Mutation;SNV
P10210;MLL2;NA;NA;TGCTCAGCCCCCATTGACTC;_;Missense_Mutation;INDEL
P10210;RB1;NA;NA;C;A;Missense_Mutation;SNV
P10210;TERT;NA;NA;C;T;Missense_Mutation;SNV
P10210;TP53;NA;NA;G;T;Missense_Mutation;SNV
P10212;ARID2;NA;NA;C;T;Missense_Mutation;SNV
P10212;ATM;NA;NA;;C;Missense_Mutation;INDEL
P10212;FGFR3;NA;NA;C;G;Missense_Mutation;SNV
P10212;MAP3K13;NA;NA;G;A;Missense_Mutation;SNV
P10212;MLL2;NA;NA;_;CGGTCTT;Missense_Mutation;INDEL
P10212;NCOR1;NA;NA;;C;Missense_Mutation;INDEL
P10212;PAX5;NA;NA;C;G;Missense_Mutation;SNV
P10212;SPTA1;NA;NA;G;T;Missense_Mutation;SNV
P10212;TERT;NA;NA;C;T;Missense_Mutation;SNV
P10213;ARID1A;NA;NA;G;_;Missense_Mutation;SNV
P10213;ASXL1;NA;NA;G;_;Missense_Mutation;SNV
P10213;ATM;NA;NA;C;T;Missense_Mutation;SNV
P10213;BCORL1;NA;NA;C;_;Missense_Mutation;SNV
P10213;CDH1;NA;NA;C;T;Missense_Mutation;SNV
P10213;CREBBP;NA;NA;C;_;Missense_Mutation;SNV
P10213;CTCF;NA;NA;_;A;Missense_Mutation;SNV
P10213;FBXW7;NA;NA;C;T;Missense_Mutation;SNV
P10213;FBXW7;NA;NA;_;T;Missense_Mutation;SNV
P10213;FGFR3;NA;NA;C;T;Missense_Mutation;SNV
P10213;INPP4B;NA;NA;TGAT;_;Missense_Mutation;INDEL
P10213;JAK1;NA;NA;A;_;Missense_Mutation;SNV
P10213;KDM6A;NA;NA;C;T;Missense_Mutation;SNV
P10213;MLL2;NA;NA;C;T;Missense_Mutation;SNV
P10213;MLL2;NA;NA;_;C;Missense_Mutation;SNV
P10213;MLL3;NA;NA;A;_;Missense_Mutation;SNV
P10213;MSH2;NA;NA;C;T;Missense_Mutation;SNV
P10213;NOTCH1;NA;NA;C;T;Missense_Mutation;SNV
P10213;PBRM1;NA;NA;C;T;Missense_Mutation;SNV
P10213;PTEN;NA;NA;C;T;Missense_Mutation;SNV
P10213;RBM10;NA;NA;C;T;Missense_Mutation;SNV
P10213;SMARCA4;NA;NA;C;T;Missense_Mutation;SNV
P10215;ARID1A;NA;NA;C;G;Missense_Mutation;SNV
P10215;EP300;NA;NA;C;T;Missense_Mutation;SNV
P10215;ERBB2;NA;NA;C;T;Missense_Mutation;SNV
P10215;RB1;NA;NA;C;T;Missense_Mutation;SNV
P10215;TERT;NA;NA;C;T;Missense_Mutation;SNV
P10215;TP53;NA;NA;G;C;Missense_Mutation;SNV
P10217;ERBB3;NA;NA;G;A;Missense_Mutation;SNV
P10217;MLL2;NA;NA;T;G;Missense_Mutation;SNV
P10217;RB1;NA;NA;C;G;Missense_Mutation;SNV
P10217;TERT;NA;NA;C;T;Missense_Mutation;SNV
P10217;TP53;NA;NA;G;A;Missense_Mutation;SNV
P10222;BRCA1;NA;NA;+;A;Missense_Mutation;SNV
P10222;MST1R;NA;NA;C;T;Missense_Mutation;SNV
P10222;PIK3CA;NA;NA;T;C;Missense_Mutation;SNV
P10222;TERT;NA;NA;C;T;Missense_Mutation;SNV
P10222;TP53;NA;NA;G;A;Missense_Mutation;SNV
P10223;CREBBP;NA;NA;C;_;Missense_Mutation;SNV
P10223;GNA13;NA;NA;G;A;Missense_Mutation;SNV
P10223;KDM6A;NA;NA;G;A;Missense_Mutation;SNV
P10223;TERT;NA;NA;C;T;Missense_Mutation;SNV
P10223;TP53;NA;NA;G;T;Missense_Mutation;SNV
P10224;FGFR3;NA;NA;C;G;Missense_Mutation;SNV
P10224;MLL2;NA;NA;C;T;Missense_Mutation;SNV
P10224;TERT;NA;NA;C;T;Missense_Mutation;SNV
P10225;CREBBP;NA;NA;G;_;Missense_Mutation;SNV
P10225;FGFR3;NA;NA;C;G;Missense_Mutation;SNV
P10225;FGFR3;NA;NA;_;CCG;Missense_Mutation;INDEL
P10225;GATA2;NA;NA;;C;Missense_Mutation;INDEL
P10225;MLL2;NA;NA;C;T;Missense_Mutation;SNV
P10225;PIK3CA;NA;NA;G;A;Missense_Mutation;SNV
P10225;SLIT2;NA;NA;G;C;Missense_Mutation;SNV
P10225;TERT;NA;NA;C;T;Missense_Mutation;SNV
P10225;TP53;NA;NA;G;C;Missense_Mutation;SNV
P10226;FGFR3;NA;NA;C;G;Missense_Mutation;SNV
P10226;NF1;NA;NA;G;T;Missense_Mutation;SNV
P10226;SOX9;NA;NA;G;T;Missense_Mutation;SNV
P10226;TERT;NA;NA;C;T;Missense_Mutation;SNV
P10226;TP53;NA;NA;G;T;Missense_Mutation;SNV
P10226;TP53;NA;NA;;C;Missense_Mutation;INDEL
P10226;TSC1;NA;NA;T;A;Missense_Mutation;SNV
P10227;NCOR1;NA;NA;_;T;Missense_Mutation;SNV
P10227;PIK3CA;NA;NA;G;A;Missense_Mutation;SNV
P10227;TERT;NA;NA;C;T;Missense_Mutation;SNV
P10227;TSC1;NA;NA;C;_;Missense_Mutation;SNV
P10230;ARID1A;NA;NA;G;A;Missense_Mutation;SNV
P10230;ERBB3;NA;NA;G;A;Missense_Mutation;SNV
P10230;FGFR3;NA;NA;A;G;Missense_Mutation;SNV
P10230;RAD51C;NA;NA;C;T;Missense_Mutation;SNV
P10230;TP53;NA;NA;G;A;Missense_Mutation;SNV
P10232;CDKN1B;NA;NA;;C;Missense_Mutation;INDEL
P10232;RB1;NA;NA;A;_;Missense_Mutation;SNV
P10232;TERT;NA;NA;C;T;Missense_Mutation;SNV
P10232;TP53;NA;NA;G;T;Missense_Mutation;SNV
P10233;ARID1A;NA;NA;C;T;Missense_Mutation;SNV
P10233;ARID1A;NA;NA;C;T;Missense_Mutation;SNV
P10233;MPL;NA;NA;C;T;Missense_Mutation;SNV
P10233;STAG2;NA;NA;;T;Missense_Mutation;INDEL
P10233;TBX3;NA;NA;20;_;Missense_Mutation;INDEL
P10233;TERT;NA;NA;C;T;Missense_Mutation;SNV
P10234;ATM;NA;NA;_;AA;Missense_Mutation;INDEL
P10234;ERBB3;NA;NA;G;A;Missense_Mutation;SNV
P10234;TERT;NA;NA;C;T;Missense_Mutation;SNV
P10235;KDM6A;NA;NA;;C;Missense_Mutation;INDEL
P10235;RB1;NA;NA;C;G;Missense_Mutation;SNV
P10235;TERT;NA;NA;C;T;Missense_Mutation;SNV
P10236;ERBB2;NA;NA;_;ATACGTGATGGC;Missense_Mutation;INDEL
P10236;FANCC;NA;NA;G;A;Missense_Mutation;SNV
P10236;TERT;NA;NA;C;T;Missense_Mutation;SNV
P10238;CREBBP;NA;NA;G;T;Missense_Mutation;SNV
P10238;FGFR3;NA;NA;C;G;Missense_Mutation;SNV
P10238;TERT;NA;NA;C;T;Missense_Mutation;SNV
P10238;TP53;NA;NA;C;T;Missense_Mutation;SNV
P10239;ARID1A;NA;NA;_;C;Missense_Mutation;SNV
P10239;PIK3CA;NA;NA;G;A;Missense_Mutation;SNV
P10239;RB1;NA;NA;C;T;Missense_Mutation;SNV
P10239;TERT;NA;NA;C;T;Missense_Mutation;SNV
P10239;TP53;NA;NA;G;C;Missense_Mutation;SNV
P10240;ATM;NA;NA;_;T;Missense_Mutation;SNV
P10240;FBXW7;NA;NA;G;A;Missense_Mutation;SNV
P10240;MLL2;NA;NA;c;T;Missense_Mutation;SNV
P10240;TP53;NA;NA;G;T;Missense_Mutation;SNV
P10241;ARID1A;NA;NA;TACACCAGGG;_;Missense_Mutation;INDEL
P10241;ERBB3;NA;NA;C;T;Missense_Mutation;SNV
P10241;KDM6A;NA;NA;+;G;Missense_Mutation;SNV
P10241;PIK3CA;NA;NA;C;A;Missense_Mutation;SNV
P10241;TERT;NA;NA;C;T;Missense_Mutation;SNV
P10241;TP53;NA;NA;+;A;Missense_Mutation;SNV
P10242;SOX9;NA;NA;C;T;Missense_Mutation;SNV
P10242;TP53;NA;NA;G;A;Missense_Mutation;SNV
P10243;PTPN11;NA;NA;T;G;Missense_Mutation;SNV
P10243;TERT;NA;NA;C;T;Missense_Mutation;SNV
P10244;FGFR3;NA;NA;C;G;Missense_Mutation;SNV
P10244;KDM6A;NA;NA;_;T;Missense_Mutation;SNV
P10244;PIK3CA;NA;NA;C;G;Missense_Mutation;SNV
P10244;STAG2;NA;NA;_;T;Missense_Mutation;SNV
P10244;TP53;NA;NA;G;T;Missense_Mutation;SNV
P10245;ARID1A;NA;NA;+;T;Missense_Mutation;SNV
P10245;ARID2;NA;NA;C;T;Missense_Mutation;SNV
P10245;ERBB2;NA;NA;C;T;Missense_Mutation;SNV
P10245;FANCA;NA;NA;C;T;Missense_Mutation;SNV
P10245;KDM6A;NA;NA;GCAGGCACACTGGAGAGACACCTAA;_;Missense_Mutation;INDEL
P10245;MLL2;NA;NA;C;T;Missense_Mutation;SNV
P10245;NOTCH2;NA;NA;C;T;Missense_Mutation;SNV
P10245;TERT;NA;NA;C;T;Missense_Mutation;SNV
P10245;TET2;NA;NA;C;T;Missense_Mutation;SNV
P10245;TP53;NA;NA;C;T;Missense_Mutation;SNV
P10246;BARD1;NA;NA;G;A;Missense_Mutation;SNV
P10246;FAT1;NA;NA;CGTTC;_;Missense_Mutation;INDEL
P10246;TERT;NA;NA;C;T;Missense_Mutation;SNV
P10248;ARID2;NA;NA;C;T;Missense_Mutation;SNV
P10248;BCOR;NA;NA;AAGTGAGA;_;Missense_Mutation;INDEL
P10248;BRAF;NA;NA;G;C;Missense_Mutation;SNV
P10248;CTNNB1;NA;NA;C;T;Missense_Mutation;SNV
P10248;ERBB3;NA;NA;G;A;Missense_Mutation;SNV
P10248;KDM6A;NA;NA;C;T;Missense_Mutation;SNV
P10248;NRAS;NA;NA;G;A;Missense_Mutation;SNV
P10248;PIK3CA;NA;NA;G;A;Missense_Mutation;SNV
P10248;RBM10;NA;NA;+;T;Missense_Mutation;SNV
P10248;TERT;NA;NA;C;T;Missense_Mutation;SNV
P10248;WT1;NA;NA;T;C;Missense_Mutation;SNV
P10250;ARID1A;NA;NA;C;T;Missense_Mutation;SNV
P10250;BRCA1;NA;NA;G;_;Missense_Mutation;SNV
P10250;NOTCH4;NA;NA;+;C;Missense_Mutation;SNV
P10250;TP53;NA;NA;G;T;Missense_Mutation;SNV
P10251;ACVR1B;NA;NA;G;A;Missense_Mutation;SNV
P10251;FGFR3;NA;NA;C;G;Missense_Mutation;SNV
P10251;TERT;NA;NA;C;T;Missense_Mutation;SNV
P10251;TSC1;NA;NA;C;A;Missense_Mutation;SNV
P10252;ERBB2;NA;NA;C;G;Missense_Mutation;SNV
P10252;GPR124;NA;NA;G;A;Missense_Mutation;SNV
P10252;MSH6;NA;NA;T;A;Missense_Mutation;SNV
P10252;RB1;NA;NA;A;_;Missense_Mutation;SNV
P10252;SPEN;NA;NA;C;T;Missense_Mutation;SNV
P10252;TERT;NA;NA;C;T;Missense_Mutation;SNV
P10252;TP53;NA;NA;G;A;Missense_Mutation;SNV
P10253;FGFR3;NA;NA;C;G;Missense_Mutation;SNV
P10253;KDM6A;NA;NA;C;T;Missense_Mutation;SNV
P10254;FUBP1;NA;NA;TA;_;Missense_Mutation;INDEL
P10254;STAG2;NA;NA;C;G;Missense_Mutation;SNV
P10255;MLL2;NA;NA;_;G;Missense_Mutation;SNV
P10255;NOTCH4;NA;NA;G;A;Missense_Mutation;SNV
P10255;TP53;NA;NA;G;A;Missense_Mutation;SNV
P10257;ARID1A;NA;NA;C;T;Missense_Mutation;SNV
P10257;CASP8;NA;NA;;A;Missense_Mutation;INDEL
P10257;CDH1;NA;NA;G;C;Missense_Mutation;SNV
P10257;CHD2;NA;NA;C;T;Missense_Mutation;SNV
P10257;FGFR3;NA;NA;C;G;Missense_Mutation;SNV
P10257;MLL2;NA;NA;C;A;Missense_Mutation;SNV
P10257;MYC;NA;NA;C;T;Missense_Mutation;SNV
P10257;PIK3CA;NA;NA;G;A;Missense_Mutation;SNV
P10257;SPEN;NA;NA;G;T;Missense_Mutation;SNV
P10257;TERT;NA;NA;C;T;Missense_Mutation;SNV
P10257;TP53;NA;NA;16;_;Missense_Mutation;INDEL
P10258;NUP93;NA;NA;C;T;Missense_Mutation;SNV
P10258;PIK3CA;NA;NA;G;A;Missense_Mutation;SNV
P10258;RB1;NA;NA;C;T;Missense_Mutation;SNV
P10258;TP53;NA;NA;A;G;Missense_Mutation;SNV
P10259;ARID1A;NA;NA;C;G;Missense_Mutation;SNV
P10259;TERT;NA;NA;C;T;Missense_Mutation;SNV
P10259;TP53;NA;NA;G;A;Missense_Mutation;SNV
P10259;TP53;NA;NA;+;A;Missense_Mutation;SNV
P10260;ARID1A;NA;NA;C;T;Missense_Mutation;SNV
P10260;MLL2;NA;NA;C;T;Missense_Mutation;SNV
P10260;TERT;NA;NA;_-;TT;Missense_Mutation;SNV
P10260;TP53;NA;NA;G;A;Missense_Mutation;SNV
P10262;APC;NA;NA;_;TGC;Missense_Mutation;INDEL
P10262;ARID1A;NA;NA;C;T;Missense_Mutation;SNV
P10262;ARID1A;NA;NA;C;A;Missense_Mutation;SNV
P10262;CDKN2A;NA;NA;GGGCGCTGCTGGAGGCGG;_;Missense_Mutation;INDEL
P10262;CREBBP;NA;NA;C;T;Missense_Mutation;SNV
P10262;SPTA1;NA;NA;G;T;Missense_Mutation;SNV
P10262;TERT;NA;NA;C;T;Missense_Mutation;SNV
P10263;ARID1A;NA;NA;G;T;Missense_Mutation;SNV
P10263;EP300;NA;NA;G;T;Missense_Mutation;SNV
P10263;EPHA7;NA;NA;C;T;Missense_Mutation;SNV
P10263;ERBB4;NA;NA;G;C;Missense_Mutation;SNV
P10263;PIK3CA;NA;NA;G;A;Missense_Mutation;SNV
P10263;TERT;NA;NA;C;T;Missense_Mutation;SNV
P10263;TP53;NA;NA;+;T;Missense_Mutation;SNV
P10264;NF2;NA;NA;C;G;Missense_Mutation;SNV
P10264;PIK3CA;NA;NA;G;A;Missense_Mutation;SNV
P10264;TERT;NA;NA;C;T;Missense_Mutation;SNV
P10264;TP53;NA;NA;A;G;Missense_Mutation;SNV
P10267;ARID1A;NA;NA;C;T;Missense_Mutation;SNV
P10267;ATR;NA;NA;C;T;Missense_Mutation;SNV
P10267;BAP1;NA;NA;C;A;Missense_Mutation;SNV
P10267;CREBBP;NA;NA;C;T;Missense_Mutation;SNV
P10267;FBXW7;NA;NA;C;T;Missense_Mutation;SNV
P10267;MLL2;NA;NA;;A;Missense_Mutation;INDEL
P10267;STAG2;NA;NA;G;A;Missense_Mutation;SNV
P10267;TERT;NA;NA;C;T;Missense_Mutation;SNV
P10267;TP53;NA;NA;C;T;Missense_Mutation;SNV
P10268;MLL2;NA;NA;C;T;Missense_Mutation;SNV
P10268;PIK3CA;NA;NA;C;T;Missense_Mutation;SNV
P10268;TERT;NA;NA;C;T;Missense_Mutation;SNV
P10268;TP53;NA;NA;G;T;Missense_Mutation;SNV
P10269;CREBBP;NA;NA;C;T;Missense_Mutation;SNV
P10269;FGFR3;NA;NA;C;G;Missense_Mutation;SNV
P10269;PTEN;NA;NA;T;C;Missense_Mutation;SNV
P10269;TERT;NA;NA;C;T;Missense_Mutation;SNV
P10271;CUL3;NA;NA;;A;Missense_Mutation;INDEL
P10271;FGFR3;NA;NA;C;T;Missense_Mutation;SNV
P10271;TERT;NA;NA;C;T;Missense_Mutation;SNV
P10271;TSC1;NA;NA;C;G;Missense_Mutation;SNV
P10273;ARID1A;NA;NA;C;G;Missense_Mutation;SNV
P10273;BRCA2;NA;NA;ATAGGTACTCTA;_;Missense_Mutation;INDEL
P10273;FGFR3;NA;NA;C;G;Missense_Mutation;SNV
P10274;AXIN1;NA;NA;G;A;Missense_Mutation;SNV
P10274;DICER1;NA;NA;G;T;Missense_Mutation;SNV
P10274;ERBB2;NA;NA;C;A;Missense_Mutation;SNV
P10274;MLL2;NA;NA;C;T;Missense_Mutation;SNV
P10274;NBN;NA;NA;G;C;Missense_Mutation;SNV
P10274;NCOR1;NA;NA;C;T;Missense_Mutation;SNV
P10274;RB1;NA;NA;G;_;Missense_Mutation;SNV
P10274;TP53;NA;NA;G;T;Missense_Mutation;SNV
P10275;TERT;NA;NA;C;T;Missense_Mutation;SNV
P10277;GNA13;NA;NA;G;A;Missense_Mutation;SNV
P10277;KDM6A;NA;NA;C;A;Missense_Mutation;SNV
P10277;TP53;NA;NA;A;G;Missense_Mutation;SNV
P10279;BAP1;NA;NA;AGAGCGCCGGTCCC;_;Missense_Mutation;INDEL
P10279;FGFR2;NA;NA;AG;_;Missense_Mutation;INDEL
P10279;MLL2;NA;NA;C;T;Missense_Mutation;SNV
P10279;RB1;NA;NA;A;T;Missense_Mutation;SNV
P10279;TP53;NA;NA;_;A;Missense_Mutation;SNV
P10280;ARID1A;NA;NA;_;G;Missense_Mutation;SNV
P10280;FAS;NA;NA;C;T;Missense_Mutation;SNV
P10280;MLL2;NA;NA;C;G;Missense_Mutation;SNV
P10280;RB1;NA;NA;C;G;Missense_Mutation;SNV
P10280;STAG2;NA;NA;C;T;Missense_Mutation;SNV
P10280;TERT;NA;NA;C;T;Missense_Mutation;SNV
P10280;TP53;NA;NA;G;C;Missense_Mutation;SNV
P10281;KIT;NA;NA;G;A;Missense_Mutation;SNV
P10281;PIK3CA;NA;NA;G;A;Missense_Mutation;SNV
P10281;TERT;NA;NA;C;T;Missense_Mutation;SNV
P10281;TP53;NA;NA;C;T;Missense_Mutation;SNV
P10282;ARID2;NA;NA;C;T;Missense_Mutation;SNV
P10282;HRAS;NA;NA;G;A;Missense_Mutation;SNV
P10282;KDM6A;NA;NA;35;_;Missense_Mutation;INDEL
P10282;NCOR1;NA;NA;TGATTATCGTTCCTCTCATCTTGAAG;_;Missense_Mutation;INDEL
P10282;PIK3CA;NA;NA;G;A;Missense_Mutation;SNV
P10285;TERT;NA;NA;C;T;Missense_Mutation;SNV
P10285;TP53;NA;NA;G;A;Missense_Mutation;SNV
P10286;CREBBP;NA;NA;28;_;Missense_Mutation;INDEL
P10286;TERT;NA;NA;C;T;Missense_Mutation;SNV
P10286;TP53;NA;NA;G;C;Missense_Mutation;SNV
P10287;GATA1;NA;NA;G;A;Missense_Mutation;SNV
P10287;TERT;NA;NA;C;T;Missense_Mutation;SNV
P10287;TSC1;NA;NA;;A;Missense_Mutation;INDEL
P10289;TERT;NA;NA;C;T;Missense_Mutation;SNV
P10289;TP53;NA;NA;G;T;Missense_Mutation;SNV
P10290;ARID1A;NA;NA;AGGCCCGCCCT;_;Missense_Mutation;INDEL
P10290;BRAF;NA;NA;G;T;Missense_Mutation;SNV
P10290;CREBBP;NA;NA;C;_;Missense_Mutation;SNV
P10290;CTNNB1;NA;NA;;T;Missense_Mutation;INDEL
P10290;HRAS;NA;NA;C;A;Missense_Mutation;SNV
P10290;TERT;NA;NA;C;T;Missense_Mutation;SNV
P10291;ERBB3;NA;NA;G;A;Missense_Mutation;SNV
P10291;KDM6A;NA;NA;TGCCTGCCCT;_;Missense_Mutation;INDEL
P10291;TERT;NA;NA;C;T;Missense_Mutation;SNV
P10293;PTEN;NA;NA;C;G;Missense_Mutation;SNV
P10293;RB1;NA;NA;C;T;Missense_Mutation;SNV
P10294;HRAS;NA;NA;G;C;Missense_Mutation;SNV
P10295;TERT;NA;NA;C;T;Missense_Mutation;SNV
P10296;CASP8;NA;NA;C;T;Missense_Mutation;SNV
P10296;CREBBP;NA;NA;C;T;Missense_Mutation;SNV
P10296;DNMT3A;NA;NA;C;T;Missense_Mutation;SNV
P10296;FBXW7;NA;NA;G;T;Missense_Mutation;SNV
P10296;HRAS;NA;NA;G;T;Missense_Mutation;SNV
P10296;KDM6A;NA;NA;C;T;Missense_Mutation;SNV
P10298;AXIN1;NA;NA;C;T;Missense_Mutation;SNV
P10298;EGFR;NA;NA;_;ACCCAC;Missense_Mutation;INDEL
P10298;PIK3R1;NA;NA;G;C;Missense_Mutation;SNV
P10298;TERT;NA;NA;C;T;Missense_Mutation;SNV
P10299;ERBB2;NA;NA;C;T;Missense_Mutation;SNV
P10299;MSH2;NA;NA;C;G;Missense_Mutation;SNV
P10299;PTEN;NA;NA;C;T;Missense_Mutation;SNV
P10299;TERT;NA;NA;C;T;Missense_Mutation;SNV
P10299;TP53;NA;NA;_;GA;Missense_Mutation;INDEL
P10300;KRAS;NA;NA;G;A;Missense_Mutation;SNV
P10302;FGFR3;NA;NA;C;G;Missense_Mutation;SNV
P10302;TERT;NA;NA;C;T;Missense_Mutation;SNV
P10303;TERT;NA;NA;C;T;Missense_Mutation;SNV
P10305;MLL2;NA;NA;CCTTCTCCTGCCAGTCC;_;Missense_Mutation;INDEL
P10305;TP53;NA;NA;C;_;Missense_Mutation;SNV
P10306;FGFR3;NA;NA;C;G;Missense_Mutation;SNV
P10306;KDM6A;NA;NA;C;_;Missense_Mutation;SNV
P10306;MLL2;NA;NA;T;_;Missense_Mutation;SNV
P10306;TERT;NA;NA;C;T;Missense_Mutation;SNV
P10306;TP53;NA;NA;C;T;Missense_Mutation;SNV
P10307;KDM6A;NA;NA;TCGTATCAGCAGGAAATCTT;_;Missense_Mutation;INDEL
P10307;TERT;NA;NA;C;T;Missense_Mutation;SNV
P10308;FGFR3;NA;NA;G;T;Missense_Mutation;SNV
P10308;TERT;NA;NA;C;T;Missense_Mutation;SNV
P10309;NF2;NA;NA;G;T;Missense_Mutation;SNV
P10309;RB1;NA;NA;;G;Missense_Mutation;INDEL
P10309;TERT;NA;NA;C;T;Missense_Mutation;SNV
P10309;TP53;NA;NA;C;T;Missense_Mutation;SNV
P10314;GNA13;NA;NA;G;A;Missense_Mutation;SNV
P10314;PTEN;NA;NA;G;A;Missense_Mutation;SNV
P10314;SF3B1;NA;NA;G;A;Missense_Mutation;SNV
P10314;TBX3;NA;NA;C;_;Missense_Mutation;SNV
P10314;TERT;NA;NA;C;T;Missense_Mutation;SNV
P10315;FGFR3;NA;NA;C;G;Missense_Mutation;SNV
P10315;KDM6A;NA;NA;AGTCTAGTTTAAAGGTAG;_;Missense_Mutation;INDEL
P10315;TERT;NA;NA;C;T;Missense_Mutation;SNV
P10317;DICER1;NA;NA;;T;Missense_Mutation;INDEL
P10317;TERT;NA;NA;C;T;Missense_Mutation;SNV
P10317;TSC1;NA;NA;C;T;Missense_Mutation;SNV
P10321;ARID1A;NA;NA;ACCACGCGCCCATGAGCCCCGGGAGCAGCGGCGGCGGGGGGCAGCCGCTCGCC;_;Missense_Mutation;INDEL
P10321;ATR;NA;NA;_;T;Missense_Mutation;SNV
P10321;CDKN2A;NA;NA;C;A;Missense_Mutation;SNV
P10321;ERBB2;NA;NA;G;C;Missense_Mutation;SNV
P10321;FGFR3;NA;NA;C;G;Missense_Mutation;SNV
P10321;KDM6A;NA;NA;G;T;Missense_Mutation;SNV
P10321;LRP1B;NA;NA;;G;Missense_Mutation;INDEL
P10321;MUTYH;NA;NA;G;A;Missense_Mutation;SNV
P10321;RAD50;NA;NA;_;248;Missense_Mutation;INDEL
P10321;RBM10;NA;NA;C;T;Missense_Mutation;SNV
P10321;TERT;NA;NA;C;T;Missense_Mutation;SNV
P10321;TP53;NA;NA;G;A;Missense_Mutation;SNV
P10323;CDKN2A;NA;NA;C;T;Missense_Mutation;SNV
P10323;FGFR3;NA;NA;C;G;Missense_Mutation;SNV
P10323;MLL2;NA;NA;CTGA;_;Missense_Mutation;INDEL
P10323;TERT;NA;NA;C;T;Missense_Mutation;SNV
P10325;CREBBP;NA;NA;_;GC;Missense_Mutation;INDEL
P10325;FGFR3;NA;NA;A;G;Missense_Mutation;SNV
P10325;TERT;NA;NA;C;T;Missense_Mutation;SNV
P10328;ARID1A;NA;NA;G;A;Missense_Mutation;SNV
P10328;CEBPA;NA;NA;GCC;_;Missense_Mutation;INDEL
P10328;EP300;NA;NA;+;C;Missense_Mutation;SNV
P10328;MLL2;NA;NA;_;G;Missense_Mutation;SNV
P10328;PBRM1;NA;NA;AG;_;Missense_Mutation;INDEL
P10328;RAD51C;NA;NA;T;A;Missense_Mutation;SNV
P10328;TP53;NA;NA;A;G;Missense_Mutation;SNV
P10329;SPTA1;NA;NA;G;A;Missense_Mutation;SNV
P10329;TP53;NA;NA;A;T;Missense_Mutation;SNV
P10330;ERBB3;NA;NA;G;A;Missense_Mutation;SNV
P10330;MLL2;NA;NA;C;T;Missense_Mutation;SNV
P10330;TP53;NA;NA;C;T;Missense_Mutation;SNV
P10335;TP53;NA;NA;G;A;Missense_Mutation;SNV
P10336;KDM6A;NA;NA;C;T;Missense_Mutation;SNV
P10336;NCOR1;NA;NA;;G;Missense_Mutation;INDEL
P10336;PTEN;NA;NA;G;C;Missense_Mutation;SNV
P10336;TERT;NA;NA;C;T;Missense_Mutation;SNV
P10336;TP53;NA;NA;C;A;Missense_Mutation;SNV
P10337;LRP1B;NA;NA;+;A;Missense_Mutation;SNV
P10337;MLL2;NA;NA;C;G;Missense_Mutation;SNV
P10337;TP53;NA;NA;C;T;Missense_Mutation;SNV
P10339;DICER1;NA;NA;C;G;Missense_Mutation;SNV
P10339;FGFR3;NA;NA;C;G;Missense_Mutation;SNV
P10339;KDM6A;NA;NA;+;A;Missense_Mutation;SNV
P10339;TERT;NA;NA;C;T;Missense_Mutation;SNV
P10340;AKT1;NA;NA;G;A;Missense_Mutation;SNV
P10340;FGFR3;NA;NA;C;G;Missense_Mutation;SNV
P10340;MLL2;NA;NA;_;TG;Missense_Mutation;INDEL
P10340;RB1;NA;NA;G;T;Missense_Mutation;SNV
P10340;STAG2;NA;NA;+;C;Missense_Mutation;SNV
P10340;TERT;NA;NA;C;T;Missense_Mutation;SNV
P10341;MLL2;NA;NA;G;T;Missense_Mutation;SNV
P10341;TERT;NA;NA;C;T;Missense_Mutation;SNV
P10341;TP53;NA;NA;G;A;Missense_Mutation;SNV
P10343;BRIP1;NA;NA;;C;Missense_Mutation;INDEL
P10343;FGFR3;NA;NA;C;G;Missense_Mutation;SNV
P10343;NF1;NA;NA;C;G;Missense_Mutation;SNV
P10343;PALB2;NA;NA;AG;_;Missense_Mutation;INDEL
P10343;PIK3CA;NA;NA;G;A;Missense_Mutation;SNV
P10343;TERT;NA;NA;C;T;Missense_Mutation;SNV
P10344;BRCA2;NA;NA;C;T;Missense_Mutation;SNV
P10344;MAP3K1;NA;NA;C;T;Missense_Mutation;SNV
P10344;PIK3CA;NA;NA;G;A;Missense_Mutation;SNV
P10344;TERT;NA;NA;C;T;Missense_Mutation;SNV
P10344;TP53;NA;NA;G;T;Missense_Mutation;SNV
P10346;APC;NA;NA;C;T;Missense_Mutation;SNV
P10346;TP53;NA;NA;T;C;Missense_Mutation;SNV
P10349;APC;NA;NA;G;_;Missense_Mutation;SNV
P10349;KDM6A;NA;NA;C;T;Missense_Mutation;SNV
P10349;STAT4;NA;NA;ACCT;_;Missense_Mutation;INDEL
P10349;TERT;NA;NA;C;T;Missense_Mutation;SNV
P10349;TP53;NA;NA;G;A;Missense_Mutation;SNV
P10350;KDM6A;NA;NA;C;T;Missense_Mutation;SNV
P10350;TP53;NA;NA;G;A;Missense_Mutation;SNV
P10351;ARID1A;NA;NA;GAGAGCA;_;Missense_Mutation;INDEL
P10351;TP53;NA;NA;A;G;Missense_Mutation;SNV
P10353;ARID1A;NA;NA;C;A;Missense_Mutation;SNV
P10353;ERBB2;NA;NA;G;T;Missense_Mutation;SNV
P10353;FGFR3;NA;NA;C;T;Missense_Mutation;SNV
P10353;KDM6A;NA;NA;G;_;Missense_Mutation;SNV
P10353;TERT;NA;NA;C;T;Missense_Mutation;SNV
P10354;BRCA2;NA;NA;C;G;Missense_Mutation;SNV
P10354;KDM6A;NA;NA;;A;Missense_Mutation;INDEL
P10354;NUP93;NA;NA;C;T;Missense_Mutation;SNV
P10354;TERT;NA;NA;C;T;Missense_Mutation;SNV
P10355;ARID1A;NA;NA;_;GCA;Missense_Mutation;INDEL
P10355;STAG2;NA;NA;C;G;Missense_Mutation;SNV
P10355;TERT;NA;NA;C;T;Missense_Mutation;SNV
P10355;TP53;NA;NA;G;A;Missense_Mutation;SNV
P10356;BAP1;NA;NA;TC;_;Missense_Mutation;INDEL
P10356;BRIP1;NA;NA;G;A;Missense_Mutation;SNV
P10356;EP300;NA;NA;C;T;Missense_Mutation;SNV
P10356;MLL2;NA;NA;C;T;Missense_Mutation;SNV
P10356;MLL2;NA;NA;C;T;Missense_Mutation;SNV
P10356;PIK3CA;NA;NA;G;A;Missense_Mutation;SNV
P10356;SMARCA4;NA;NA;C;T;Missense_Mutation;SNV
P10358;ARID1A;NA;NA;C;T;Missense_Mutation;SNV
P10358;SF3B1;NA;NA;G;A;Missense_Mutation;SNV
P10358;TERT;NA;NA;C;T;Missense_Mutation;SNV
P10358;TP53;NA;NA;G;A;Missense_Mutation;SNV
P10359;AKT1;NA;NA;G;A;Missense_Mutation;SNV
P10359;CDKN2A;NA;NA;G;T;Missense_Mutation;SNV
P10359;CREBBP;NA;NA;C;T;Missense_Mutation;SNV
P10359;KDM6A;NA;NA;_;A;Missense_Mutation;SNV
P10359;KRAS;NA;NA;G;T;Missense_Mutation;SNV
P10359;STAG2;NA;NA;AT;_;Missense_Mutation;INDEL
P10359;TERT;NA;NA;C;T;Missense_Mutation;SNV
P10359;TP53;NA;NA;G;C;Missense_Mutation;SNV
P10361;FGFR3;NA;NA;C;G;Missense_Mutation;SNV
P10361;GRIN2A;NA;NA;G;A;Missense_Mutation;SNV
P10361;KDM6A;NA;NA;TGCAC;_;Missense_Mutation;INDEL
P10361;TERT;NA;NA;C;T;Missense_Mutation;SNV
P10362;ARID1A;NA;NA;GAGAACCACTC;_;Missense_Mutation;INDEL
P10362;NCOR1;NA;NA;C;T;Missense_Mutation;SNV
P10362;ROS1;NA;NA;C;T;Missense_Mutation;SNV
P10362;TERT;NA;NA;C;T;Missense_Mutation;SNV
P10362;TP53;NA;NA;G;A;Missense_Mutation;SNV
P10363;CREBBP;NA;NA;C;G;Missense_Mutation;SNV
P10363;MLL2;NA;NA;C;T;Missense_Mutation;SNV
P10363;RB1;NA;NA;C;T;Missense_Mutation;SNV
P10363;TERT;NA;NA;C;T;Missense_Mutation;SNV
P10363;TP53;NA;NA;G;C;Missense_Mutation;SNV
P10364;ERBB2;NA;NA;C;T;Missense_Mutation;SNV
P10364;TERT;NA;NA;C;T;Missense_Mutation;SNV
P10365;FGFR3;NA;NA;A;G;Missense_Mutation;SNV
P10365;GATA3;NA;NA;_;CC;Missense_Mutation;INDEL
P10365;MLL2;NA;NA;G;_;Missense_Mutation;SNV
P10365;STAG2;NA;NA;G;_;Missense_Mutation;SNV
P10365;TERT;NA;NA;C;T;Missense_Mutation;SNV
P10367;TERT;NA;NA;C;T;Missense_Mutation;SNV
P10367;TP53;NA;NA;G;C;Missense_Mutation;SNV
P10368;HRAS;NA;NA;G;T;Missense_Mutation;SNV
P10368;KDM6A;NA;NA;G;T;Missense_Mutation;SNV
P10368;PIK3CA;NA;NA;A;G;Missense_Mutation;SNV
P10369;KDM6A;NA;NA;_;T;Missense_Mutation;SNV
P10369;PTPRD;NA;NA;;A;Missense_Mutation;INDEL
P10369;TP53;NA;NA;G;A;Missense_Mutation;SNV
P10371;ARID1A;NA;NA;C;T;Missense_Mutation;SNV
P10371;EP300;NA;NA;_;AA;Missense_Mutation;INDEL
P10371;FBXW7;NA;NA;C;T;Missense_Mutation;SNV
P10371;FGFR3;NA;NA;C;G;Missense_Mutation;SNV
P10371;RUNX1;NA;NA;C;T;Missense_Mutation;SNV
P10371;TERT;NA;NA;C;T;Missense_Mutation;SNV
P10371;TSC1;NA;NA;C;T;Missense_Mutation;SNV
P10372;ARID1A;NA;NA;C;T;Missense_Mutation;SNV
P10372;ERBB3;NA;NA;G;T;Missense_Mutation;SNV
P10372;NOTCH3;NA;NA;G;A;Missense_Mutation;SNV
P10374;FGFR3;NA;NA;C;G;Missense_Mutation;SNV
P10374;STAG2;NA;NA;ACTC;_;Missense_Mutation;INDEL
P10374;TP53;NA;NA;A;G;Missense_Mutation;SNV
P10375;FGFR3;NA;NA;C;T;Missense_Mutation;SNV
